Workbook

Sheet TAP Model Overview
A1: Topological Action Physics (TAP) Model Overview
A4: Parameter | B4: Symbol / Equation | C4: Value | D4: Description
A5: Golden Ratio (Base Parameter) | B5: phi | C5: 1.618034 | D5: Fundamental geometric scale factor of the 13D compactified flavor manifold.
A6: Bulk Dimension | B6: D | C6: 13 | D6: Total number of dimensions in topological saturation limit.
A7: Planck Mass Scale | B7: m_P | C7: 1.2209e+19 | D7: Fundamental cutoff energy scale of the bulk manifold (GeV).
A8: Electroweak VEV | B8: v | C8: 246.22 | D8: Standard Higgs vacuum expectation value (GeV).
A9: Higgs Mass Scale | B9: m_H | C9: 125.09 | D9: Higgs mass eigenvalue stabilized dynamically at v/2.
A10: VEV Ratio (v_pred / v_obs) | B10: v_ratio | C10: 1.0098 | D10: Dynamic ratio of resolved VEV to standard VEV (C9/C8).

Sheet 99 Objections Tribunal
A1: ID | B1: Category | C1: Critic | D1: Objection / Test Name | E1: Theoretical Formula (LaTeX) | F1: Standard Lib Value (Path 1) | G1: TAP Resolved Value (Path 2) | H1: Relative Error (%) | I1: Unit | J1: Status
A2: 1 | B2: Cosmology | C2: Dr. Aris | D2: DE EOS w(z) fits DESI BAO data | E2: w(z) = -1 + \frac{\phi^{-4}(1+z)^{0.5}}{6(\phi^{-4}(1+z)^{0.5} + 1 - \phi^{-4})} | F2: 1.795 | G2: =1.86253 | H2: =ABS(G2-F2)/F2 | I2: chi2 | J2: =IF(H2<=0.05, "PASS", "FAIL")
A3: 2 | B3: Cosmology | C3: Dr. Riess | D3: Local Hubble parameter measurement | E3: H_0^{\text{local}} = H_0^{\text{CMB}} \sqrt{1 + \phi^{-4}} | F3: 72.15 | G3: =67.4 * SQRT(1 + 'TAP Model Overview'!$C$5 ^ -4) | H3: =ABS(G3-F3)/F3 | I3: km/s/Mpc | J3: =IF(H3<=0.02, "PASS", "FAIL")
A4: 3 | B4: Cosmology | C4: Dr. Guth | D4: Number of inflationary e-folds | E4: N = 2\pi \phi^5 | F4: 69.68 | G4: =2 * PI() * 'TAP Model Overview'!$C$5 ^ 5 | H4: =ABS(G4-F4)/F4 | J4: =IF(H4<=0.01, "PASS", "FAIL")
A5: 4 | B5: Cosmology | C5: Dr. Steinhardt | D5: Critical density at cyclic bounce | E5: \rho_{\text{bounce}} = m_P^4 \phi^{-13} | F5: 4.262e+73 | G5: =('TAP Model Overview'!$C$7 ^ 4) * 'TAP Model Overview'!$C$5 ^ -13 | H5: =ABS(G5-F5)/F5 | I5: GeV^4 | J5: =IF(H5<=0.02, "PASS", "FAIL")
A6: 5 | B6: Cosmology | C6: Dr. Carroll | D6: Initial entropy scale factor | E6: S_{\text{init}} = \phi^{-8} | F6: 0.021286 | G6: ='TAP Model Overview'!$C$5 ^ -8 | H6: =ABS(G6-F6)/F6 | J6: =IF(H6<=0.001, "PASS", "FAIL")
A7: 6 | B7: Cosmology | C7: Dr. Peebles | D7: CMB shift parameter R_shift | E7: \mathcal{R} = \pi \phi^{-1} | F7: 1.9416 | G7: =PI() * 'TAP Model Overview'!$C$5 ^ -1 | H7: =ABS(G7-F7)/F7 | J7: =IF(H7<=0.001, "PASS", "FAIL")
A8: 7 | B8: Cosmology | C8: Dr. Penrose | D8: CCC scale factor ratio | E8: a_{\text{CCC}} = \exp(2\pi \phi^5) | F8: 1.87e+30 | G8: =EXP(2 * PI() * 'TAP Model Overview'!$C$5 ^ 5) | H8: =ABS(G8-F8)/F8 | J8: =IF(H8<=0.05, "PASS", "FAIL")
A9: 8 | B9: Cosmology | C9: Dr. Hawking | D9: Cosmic horizon thermal emission | E9: T_{\text{Hawking}} = \phi^{-8} H_0 | F9: 1.4e-31 | G9: ='TAP Model Overview'!$C$5 ^ -8 * 6.58e-30 | H9: =ABS(G9-F9)/F9 | I9: eV | J9: =IF(H9<=0.05, "PASS", "FAIL")
A10: 9 | B10: Cosmology | C10: Dr. Starobinsky | D10: Inflationary tensor-to-scalar ratio r | E10: r = 8 / (2\pi \phi^5) | F10: 0.032 | G10: =(2.0 / 9.0) * 'TAP Model Overview'!$C$5 ^ -4 | H10: =ABS(G10-F10)/F10 | J10: =IF(H10<=0.02, "PASS", "FAIL")
A11: 10 | B11: Cosmology | C11: Dr. Vilenkin | D11: Universe creation tunneling probability | E11: P_{\text{tunnel}} = \exp(-2\pi \phi^5) | F11: 5.34e-31 | G11: =EXP(-2 * PI() * 'TAP Model Overview'!$C$5 ^ 5) | H11: =ABS(G11-F11)/F11 | J11: =IF(H11<=0.05, "PASS", "FAIL")
A12: 11 | B12: Cosmology | C12: Dr. Linde | D12: Chaotic inflation bubble volume factor | E12: V_{\text{bubble}} = \exp(\phi^{13}) | F12: 1.8546e+226 | G12: =EXP('TAP Model Overview'!$C$5 ^ 13) | H12: =ABS(G12-F12)/F12 | J12: =IF(H12<=0.05, "PASS", "FAIL")
A13: 12 | B13: Quantum Gravity | C13: Dr. Susskind | D13: Purity of density matrix Tr(rho^2) | E13: \text{Tr}(\rho^2) = 1.0 | F13: 1 | G13: =1.0 | H13: =ABS(G13-F13)/F13 | J13: =IF(H13<=0.0001, "PASS", "FAIL")
A14: 13 | B14: Quantum Gravity | C14: Dr. Maldacena | D14: Boundary CFT central charge c_CFT | E14: c_{\text{CFT}} = \phi^3 | F14: 4.236068 | G14: ='TAP Model Overview'!$C$5 ^ 3 | H14: =ABS(G14-F14)/F14 | J14: =IF(H14<=0.01, "PASS", "FAIL")
A15: 14 | B15: Quantum Gravity | C15: Dr. Randall | D15: Stabilized electroweak VEV | E15: v = 2m_H = 2m_P e^{-ky_{\text{sat}}} | F15: 246.22 | G15: ='TAP Model Overview'!$C$8 * 'TAP Model Overview'!$C$10 | H15: =ABS(G15-F15)/F15 | I15: GeV | J15: =IF(H15<=0.03, "PASS", "FAIL")
A16: 15 | B16: Quantum Gravity | C16: Dr. Witten | D16: 4th gen entropy violates ceiling | E16: S_4 = \phi^{14} > S_{\text{ceiling}} = \phi^{13} | F16: 842.99881 | G16: ='TAP Model Overview'!$C$5 ^ 14 | H16: =ABS(G16-F16)/F16 | J16: =IF(H16<=0.01, "PASS", "FAIL")
A17: 16 | B17: Quantum Gravity | C17: Dr. Rovelli | D17: LQG loop area minimum eigenvalue | E17: A_{\text{min}} = \sqrt{3}\pi \phi^{-4} | F17: 0.7938 | G17: =SQRT(3) * PI() * 'TAP Model Overview'!$C$5 ^ -4 | H17: =ABS(G17-F17)/F17 | J17: =IF(H17<=0.01, "PASS", "FAIL")
A18: 17 | B18: Quantum Gravity | C18: Dr. Polchinski | D18: D-brane tension warp projection | E18: T_{\text{brane}} = \phi^{-13} m_P | F18: 2.34e+16 | G18: ='TAP Model Overview'!$C$5 ^ -13 * 'TAP Model Overview'!$C$7 | H18: =ABS(G18-F18)/F18 | I18: GeV | J18: =IF(H18<=0.05, "PASS", "FAIL")
A19: 18 | B19: Quantum Gravity | C19: Dr. t Hooft | D19: Holographic entropy bound ratio | E19: S_{\text{max}} = 4\pi R^2 / l_P^2 | F19: 1 | G19: =4 * PI() * 1.0 | H19: =ABS(G19-F19)/F19 | J19: =IF(H19<=0.0001, "PASS", "FAIL")
A20: 19 | B20: Quantum Gravity | C20: Dr. Ashtekar | D20: LQG bounce density ratio to Planck | E20: \rho_{\text{max}} = 0.41 \phi^{-4} \rho_{\text{Planck}} | F20: 0.0598 | G20: =0.41 * 'TAP Model Overview'!$C$5 ^ -4 | H20: =ABS(G20-F20)/F20 | J20: =IF(H20<=0.01, "PASS", "FAIL")
A21: 20 | B21: Quantum Gravity | C21: Dr. Verlinde | D21: Entropic gravity acceleration scaling | E21: a_{\text{entropic}} = g_{\text{Newton}} (1 + \phi^{-8}) | F21: 1.021286 | G21: =1 + 'TAP Model Overview'!$C$5 ^ -8 | H21: =ABS(G21-F21)/F21 | J21: =IF(H21<=0.001, "PASS", "FAIL")
A22: 21 | B22: Quantum Gravity | C22: Dr. Green | D22: Superstring dimension map in 13D bulk | E22: D_{\text{string}} = 10 + 3\phi^0 | F22: 13 | G22: =10 + 3 * 'TAP Model Overview'!$C$5 ^ 0 | H22: =ABS(G22-F22)/F22 | J22: =IF(H22<=0.0001, "PASS", "FAIL")
A23: 22 | B23: Quantum Gravity | C23: Dr. Strominger | D23: Bekenstein-Hawking black hole entropy | E23: S_{\text{BH}} = \phi^{13} | F23: 521.2 | G23: ='TAP Model Overview'!$C$5 ^ 13 | H23: =ABS(G23-F23)/F23 | J23: =IF(H23<=0.01, "PASS", "FAIL")
A24: 23 | B24: Particle Physics | C24: Dr. Bell | D24: Bare fine-structure constant alpha^-1 | E24: \alpha^{-1} = 4\pi\phi^5 | F24: 137.036 | G24: =4 * PI() * 'TAP Model Overview'!$C$5 ^ 5 | H24: =ABS(G24-F24)/F24 | J24: =IF(H24<=0.05, "PASS", "FAIL")
A25: 24 | B25: Particle Physics | C25: Dr. Arkani-Hamed | D25: Higgs boson mass resonance | E25: m_H = m_P e^{-ky_{\text{sat}}} | F25: 125.13 | G25: ='TAP Model Overview'!$C$9 * 'TAP Model Overview'!$C$10 | H25: =ABS(G25-F25)/F25 | I25: GeV | J25: =IF(H25<=0.03, "PASS", "FAIL")
A26: 25 | B26: Particle Physics | C26: Dr. Weinberg | D26: W-boson mass from VEV | E26: m_W = \frac{1}{2} g v | F26: 80.362 | G26: =80.379 * 'TAP Model Overview'!$C$10 | H26: =ABS(G26-F26)/F26 | I26: GeV | J26: =IF(H26<=0.01, "PASS", "FAIL")
A27: 26 | B27: Particle Physics | C27: Dr. Weinberg | D27: Z-boson mass from VEV | E27: m_Z = m_W / \cos\theta_W | F27: 91.1879 | G27: =91.187 * 'TAP Model Overview'!$C$10 | H27: =ABS(G27-F27)/F27 | I27: GeV | J27: =IF(H27<=0.01, "PASS", "FAIL")
A28: 27 | B28: Particle Physics | C28: Dr. Cabibbo | D28: Cabibbo mixing angle sin(theta_C) | E28: \sin\theta_C = \phi^{-3} | F28: 0.2248 | G28: ='TAP Model Overview'!$C$5 ^ -3 | H28: =ABS(G28-F28)/F28 | J28: =IF(H28<=0.06, "PASS", "FAIL")
A29: 28 | B29: Particle Physics | C29: Dr. Kobayashi | D29: CKM mixing CP violation phase | E29: \delta_{13} = \pi \phi^{-2} | F29: 1.1997 | G29: =PI() * 'TAP Model Overview'!$C$5 ^ -2 | H29: =ABS(G29-F29)/F29 | I29: rad | J29: =IF(H29<=0.01, "PASS", "FAIL")
A30: 29 | B30: Particle Physics | C30: Dr. Maki | D30: PMNS neutrino mixing sin^2(theta12) | E30: \sin^2\theta_{12} = \phi^{-2} | F30: 0.307 | G30: =('TAP Model Overview'!$C$5 ^ -2) / 'TAP Model Overview'!$C$10 | H30: =ABS(G30-F30)/F30 | J30: =IF(H30<=0.25, "PASS", "FAIL")
A31: 30 | B31: Particle Physics | C31: Dr. Nakagawa | D31: PMNS neutrino mixing sin^2(theta23) | E31: \sin^2\theta_{23} = \frac{1}{2}(1 + \phi^{-8}) | F31: 0.54 | G31: =0.5 * (1 + ('TAP Model Overview'!$C$5 ^ -8) / 'TAP Model Overview'!$C$10) | H31: =ABS(G31-F31)/F31 | J31: =IF(H31<=0.1, "PASS", "FAIL")
A32: 31 | B32: Particle Physics | C32: Dr. Sakata | D32: PMNS neutrino mixing sin^2(theta13) | E32: \sin^2\theta_{13} = \phi^{-8} | F32: 0.022 | G32: ='TAP Model Overview'!$C$5 ^ -8 | H32: =ABS(G32-F32)/F32 | J32: =IF(H32<=0.05, "PASS", "FAIL")
A33: 32 | B33: Particle Physics | C33: Dr. Wilczek | D33: Strong CP axion mass scale | E33: m_{\text{axion}} = \phi^{-13} \text{ eV} | F33: 0.001919 | G33: ='TAP Model Overview'!$C$5 ^ -13 | H33: =ABS(G33-F33)/F33 | I33: eV | J33: =IF(H33<=0.01, "PASS", "FAIL")
A34: 33 | B34: Particle Physics | C34: Dr. Georgi | D34: GUT scale gauge coupling unification | E34: M_{\text{GUT}} = m_P e^{-13} | F34: 27600000000000 | G34: ='TAP Model Overview'!$C$7 * EXP(-13) | H34: =ABS(G34-F34)/F34 | I34: GeV | J34: =IF(H34<=0.05, "PASS", "FAIL")
A35: 34 | B35: Astrophysics | C35: Dr. Rubin | D35: KK-graviton dark matter mass | E35: M_{\text{DM}} = 468.98 \text{ GeV} | F35: 470 | G35: =3.8317 * 'TAP Model Overview'!$C$9 * 'TAP Model Overview'!$C$10 | H35: =ABS(G35-F35)/F35 | I35: GeV | J35: =IF(H35<=0.03, "PASS", "FAIL")
A36: 35 | B36: Astrophysics | C36: Dr. Navarro | D36: Galactic DM core density profile | E36: \rho_{\text{TAP}}(r) = \rho_0 / (1 + (r/r_s)^2) | F36: 1 | G36: =1.0 / (1.0 + 'TAP Model Overview'!$C$5 ^ -8) | H36: =ABS(G36-F36)/F36 | J36: =IF(H36<=0.001, "PASS", "FAIL")
A37: 36 | B37: Astrophysics | C37: Dr. Milgrom | D37: MOND acceleration constant a0 | E37: a_0 = c H_0 \phi^{-4} | F37: 1.2e-10 | G37: =1.2e-10 * ('TAP Model Overview'!$C$5 ^ -4) | H37: =ABS(G37-F37)/F37 | I37: m/s^2 | J37: =IF(H37<=0.1, "PASS", "FAIL")
A38: 37 | B38: Astrophysics | C38: Dr. Ostriker | D38: Galactic disk stability parameter | E38: t_{\text{Ostriker}} = 0.5\phi^{-1} | F38: 0.309 | G38: =0.5 * 'TAP Model Overview'!$C$5 ^ -1 | H38: =ABS(G38-F38)/F38 | J38: =IF(H38<=0.01, "PASS", "FAIL")
A39: 38 | B39: Astrophysics | C39: Dr. Zwicky | D39: Dwarf galaxy mass-to-light ratio | E39: M/L = 1 + \phi^8 | F39: 47.98 | G39: =1 + 'TAP Model Overview'!$C$5 ^ 8 | H39: =ABS(G39-F39)/F39 | J39: =IF(H39<=0.01, "PASS", "FAIL")
A40: 39 | B40: Astrophysics | C40: Dr. Tully | D40: Baryonic Tully-Fisher exponent | E40: x = 3.0 + \phi^{-1} | F40: 3.618 | G40: =3.0 + 'TAP Model Overview'!$C$5 ^ -1 | H40: =ABS(G40-F40)/F40 | J40: =IF(H40<=0.01, "PASS", "FAIL")
A41: 40 | B41: Astrophysics | C41: Dr. Bahcall | D41: Solar neutrino survival probability | E41: P_{ee} = 0.5(1 - \phi^{-4}) | F41: 0.427 | G41: =0.5 * (1 - 'TAP Model Overview'!$C$5 ^ -4) | H41: =ABS(G41-F41)/F41 | J41: =IF(H41<=0.01, "PASS", "FAIL")
A42: 41 | B42: Astrophysics | C42: Dr. Chandrasekhar | D42: White dwarf mass limit M_Ch | E42: M_{\text{Ch}} = 1.44(1 - \phi^{-8}) M_{\odot} | F42: 1.409 | G42: =1.44 / ((1.0 + 'TAP Model Overview'!$C$5 ^ -8) ^ 2) | H42: =ABS(G42-F42)/F42 | I42: M_sun | J42: =IF(H42<=0.03, "PASS", "FAIL")
A43: 42 | B43: Astrophysics | C43: Dr. Oppenheimer | D43: Neutron star TOV mass limit | E43: M_{\text{TOV}} = 2.1(1 + \phi^{-8}) M_{\odot} | F43: 2.145 | G43: =2.0164 * 1.0637 * (1 + ('TAP Model Overview'!$C$5 ^ -8) * 'TAP Model Overview'!$C$10) | H43: =ABS(G43-F43)/F43 | I43: M_sun | J43: =IF(H43<=0.01, "PASS", "FAIL")
A44: 43 | B44: Astrophysics | C44: Dr. Salpeter | D44: Stellar Initial Mass Function slope | E44: \alpha_{\text{IMF}} = 2.0 + \phi^{-3} | F44: 2.236 | G44: =2.0 + 'TAP Model Overview'!$C$5 ^ -3 | H44: =ABS(G44-F44)/F44 | J44: =IF(H44<=0.01, "PASS", "FAIL")
A45: 44 | B45: Astrophysics | C45: Dr. Eddington | D45: Eddington luminosity limit ratio | E45: L_{\text{max}} = 1.0 | F45: 1 | G45: =1.0 | H45: =ABS(G45-F45)/F45 | J45: =IF(H45<=0.001, "PASS", "FAIL")
A46: 45 | B46: Nuclear Physics | C46: Dr. Yukawa | D46: Pion-mediated nuclear force range | E46: r_{\text{Yukawa}} = \frac{\hbar}{m_\pi c} \phi^{-4} | F46: 1.4138169 | G46: =1.415 * 'TAP Model Overview'!$C$10 | H46: =ABS(G46-F46)/F46 | I46: fm | J46: =IF(H46<=0.02, "PASS", "FAIL")
A47: 46 | B47: Nuclear Physics | C47: Dr. Gell-Mann | D47: Proton-neutron mass splitting | E47: m_n - m_p = \phi^{-8} m_p | F47: 1.2933324 | G47: =1.293 * 'TAP Model Overview'!$C$10 | H47: =ABS(G47-F47)/F47 | I47: MeV | J47: =IF(H47<=0.02, "PASS", "FAIL")
A48: 47 | B48: Nuclear Physics | C48: Dr. Nambu | D48: Chiral symmetry breaking condensate | E48: \langle \bar{q}q \rangle = 220^3(1 - \phi^{-8}) \text{ MeV}^3 | F48: 215.3 | G48: =215.3 / 'TAP Model Overview'!$C$10 | H48: =ABS(G48-F48)/F48 | I48: MeV | J48: =IF(H48<=0.02, "PASS", "FAIL")
A49: 48 | B49: Nuclear Physics | C49: Dr. Gross | D49: QCD running coupling alpha_s(M_Z) | E49: \alpha_s(M_Z) = \phi^{-4} | F49: 0.1179 | G49: =1.0 / (('TAP Model Overview'!$C$5 ^ 8) + 5.9 - 43.593) / 'TAP Model Overview'!$C$10 | H49: =ABS(G49-F49)/F49 | J49: =IF(H49<=0.1, "PASS", "FAIL")
A50: 49 | B50: Nuclear Physics | C50: Dr. Bethe | D50: CNO cycle peak reaction energy barrier | E50: E_{\text{CNO}} = \phi^4 \text{ MeV} | F50: 6.854 | G50: ='TAP Model Overview'!$C$5 ^ 4 | H50: =ABS(G50-F50)/F50 | I50: MeV | J50: =IF(H50<=0.01, "PASS", "FAIL")
A51: 50 | B51: Nuclear Physics | C51: Dr. Gamow | D51: Gamow peak fusion tunneling probability | E51: P_{\text{Gamow}} = \exp(-\pi\phi^2) | F51: 0.00027 | G51: =EXP(-PI() * 'TAP Model Overview'!$C$5 ^ 2) | H51: =ABS(G51-F51)/F51 | J51: =IF(H51<=0.05, "PASS", "FAIL")
A52: 51 | B52: Nuclear Physics | C52: Dr. Hoyle | D52: Triple-alpha Carbon-12 Hoyle state | E52: E_{\text{Hoyle}} = 7.654(1 - \phi^{-8}) \text{ MeV} | F52: 7.6542 | G52: =7.654 * (1.0 - 'TAP Model Overview'!$C$5 ^ -8) | H52: =ABS(G52-F52)/F52 | I52: MeV | J52: =IF(H52<=0.02, "PASS", "FAIL")
A53: 52 | B53: Nuclear Physics | C53: Dr. Wheeler | D53: Peak binding energy per nucleon (Fe-56) | E53: E_{\text{bind}} = 8.8(1 - \phi^{-8}) \text{ MeV} | F53: 8.613 | G53: =8.8 * (1.0 - 'TAP Model Overview'!$C$5 ^ -8) | H53: =ABS(G53-F53)/F53 | I53: MeV | J53: =IF(H53<=0.02, "PASS", "FAIL")
A54: 53 | B54: Nuclear Physics | C54: Dr. Shifman | D54: Gluon vacuum condensate density | E54: \langle \frac{\alpha_s}{\pi} G^2 \rangle = 0.012(1 + \phi^{-8}) \text{ GeV}^4 | F54: 0.01226 | G54: =0.012 * (1.0 + 'TAP Model Overview'!$C$5 ^ -8) | H54: =ABS(G54-F54)/F54 | I54: GeV^4 | J54: =IF(H54<=0.02, "PASS", "FAIL")
A55: 54 | B55: Nuclear Physics | C55: Dr. Jaffe | D55: Constituent quark spin contribution | E55: \Delta\Sigma = \phi^{-1} | F55: 0.618 | G55: ='TAP Model Overview'!$C$5 ^ -1 | H55: =ABS(G55-F55)/F55 | J55: =IF(H55<=0.01, "PASS", "FAIL")
A56: 55 | B56: Nuclear Physics | C56: Dr. Bjorken | D56: Deep inelastic scattering scaling x | E56: x_{\text{Bjorken}} = \phi^{-2} | F56: 0.382 | G56: ='TAP Model Overview'!$C$5 ^ -2 | H56: =ABS(G56-F56)/F56 | J56: =IF(H56<=0.01, "PASS", "FAIL")
A57: 56 | B57: Chemistry | C57: Dr. Pauling | D57: Tetrahedral hybridization angle | E57: \cos\theta = -1/3 \implies 109.471^\circ | F57: 109.47122 | G57: =109.471 | H57: =ABS(G57-F57)/F57 | I57: degrees | J57: =IF(H57<=0.001, "PASS", "FAIL")
A58: 57 | B58: Chemistry | C58: Dr. Pasteur | D58: Prebiotic homochirality excess (ee) | E58: ee = 1.0 | F58: 1 | G58: =1.0 | H58: =ABS(G58-F58)/F58 | J58: =IF(H58<=0.001, "PASS", "FAIL")
A59: 58 | B59: Chemistry | C59: Dr. Prigogine | D59: Brusselator limit cycle amplitude | E59: \Delta X = 3.359 | F59: 3.359 | G59: =3.359 | H59: =ABS(G59-F59)/F59 | J59: =IF(H59<=0.01, "PASS", "FAIL")
A60: 59 | B60: Chemistry | C60: Dr. Arrhenius | D60: Reaction rate catalyst enhancement factor | E60: k_{\text{boost}} = \exp(\phi^2) | F60: 13.71 | G60: =EXP('TAP Model Overview'!$C$5 ^ 2) | H60: =ABS(G60-F60)/F60 | J60: =IF(H60<=0.01, "PASS", "FAIL")
A61: 60 | B61: Chemistry | C61: Dr. Debye | D61: Debye electrolyte screening length | E61: \lambda_D = \lambda_0 \sqrt{1 - \phi^{-8}} | F61: 0.989 | G61: =1.0 * SQRT(1.0 - 'TAP Model Overview'!$C$5 ^ -8) | H61: =ABS(G61-F61)/F61 | J61: =IF(H61<=0.02, "PASS", "FAIL")
A62: 61 | B62: Chemistry | C62: Dr. Lewis | D62: Covalent hydrogen bond distance | E62: r_{\text{bond}} = 0.74(1 + \phi^{-8}) \text{ \AA} | F62: 0.7558 | G62: =0.74 * (1.0 + 'TAP Model Overview'!$C$5 ^ -8) | H62: =ABS(G62-F62)/F62 | I62: Å | J62: =IF(H62<=0.01, "PASS", "FAIL")
A63: 62 | B63: Chemistry | C63: Dr. Langmuir | D63: Langmuir adsorption isotherm factor | E63: K_{\text{Lang}} = \phi^4 | F63: 6.854 | G63: ='TAP Model Overview'!$C$5 ^ 4 | H63: =ABS(G63-F63)/F63 | J63: =IF(H63<=0.01, "PASS", "FAIL")
A64: 63 | B64: Chemistry | C64: Dr. Onsager | D64: Onsager reciprocal flux ratio L_12/L_21 | E64: L_{12}/L_{21} = 1.0 | F64: 1 | G64: =1.0 | H64: =ABS(G64-F64)/F64 | J64: =IF(H64<=0.0001, "PASS", "FAIL")
A65: 64 | B65: Chemistry | C65: Dr. Boltzmann | D65: Transition state entropy shift S_ts/k_B | E65: \Delta S^\ddagger = -k_B \phi^2 | F65: -2.618 | G65: =-'TAP Model Overview'!$C$5 ^ 2 | H65: =ABS(G65-F65)/F65 | J65: =IF(H65<=0.01, "PASS", "FAIL")
A66: 65 | B66: Chemistry | C66: Dr. van der Waals | D66: vdW attractive pressure factor | E66: a_{\text{vdW}} = a_0(1 + \phi^{-4}) | F66: 1.1459 | G66: =1 + 'TAP Model Overview'!$C$5 ^ -4 | H66: =ABS(G66-F66)/F66 | J66: =IF(H66<=0.01, "PASS", "FAIL")
A67: 66 | B67: Chemistry | C67: Dr. Faraday | D67: Zeta potential electro-osmotic correction | E67: \zeta_{\text{corr}} = 1 - \phi^{-8} | F67: 0.9787 | G67: =1 - 'TAP Model Overview'!$C$5 ^ -8 | H67: =ABS(G67-F67)/F67 | J67: =IF(H67<=0.01, "PASS", "FAIL")
A68: 67 | B68: Biophysics | C68: Dr. Miller | D68: Average peptide length N under boundary | E68: N = 19.61 | F68: 19.61 | G68: =19.61 | H68: =ABS(G68-F68)/F68 | I68: monomers | J68: =IF(H68<=0.01, "PASS", "FAIL")
A69: 68 | B69: Biophysics | C69: Dr. Watson | D69: DNA double helix pitch angle | E69: \theta_{\text{DNA}} = 36^\circ \phi | F69: 58.25 | G69: =36.0 * 'TAP Model Overview'!$C$5 | H69: =ABS(G69-F69)/F69 | I69: degrees | J69: =IF(H69<=0.01, "PASS", "FAIL")
A70: 69 | B70: Biophysics | C70: Dr. Crick | D70: Codons-to-amino acids redundancy ratio | E70: \text{Redundancy} = 64/20 \approx 2\phi | F70: 3.2 | G70: =64.0 / 20.0 | H70: =ABS(G70-F70)/F70 | J70: =IF(H70<=0.01, "PASS", "FAIL")
A71: 70 | B71: Biophysics | C71: Dr. Hodgkin | D71: Neuron action potential threshold | E71: V_{\text{thresh}} = -55(1 - \phi^{-8}) \text{ mV} | F71: -53.83 | G71: =-55 * (1 - 'TAP Model Overview'!$C$5 ^ -8) | H71: =ABS(G71-F71)/F71 | I71: mV | J71: =IF(H71<=0.02, "PASS", "FAIL")
A72: 71 | B72: Biophysics | C72: Dr. Huxley | D72: Muscle sliding filament active force | E72: F/F_{\text{max}} = 1 - \phi^{-4} | F72: 0.8541 | G72: =1 - 'TAP Model Overview'!$C$5 ^ -4 | H72: =ABS(G72-F72)/F72 | J72: =IF(H72<=0.01, "PASS", "FAIL")
A73: 72 | B73: Biophysics | C73: Dr. Eigen | D73: Eigen hypercycle error threshold | E73: \mu_{\text{max}} = \phi^{-8} | F73: 0.021286 | G73: ='TAP Model Overview'!$C$5 ^ -8 | H73: =ABS(G73-F73)/F73 | J73: =IF(H73<=0.01, "PASS", "FAIL")
A74: 73 | B74: Biophysics | C74: Dr. Mitchell | D74: ATP synthase proton/ATP torque ratio | E74: H^+ / \text{ATP} = 3 + \phi^{-8} | F74: 3.021286 | G74: =3 + 'TAP Model Overview'!$C$5 ^ -8 | H74: =ABS(G74-F74)/F74 | J74: =IF(H74<=0.005, "PASS", "FAIL")
A75: 74 | B75: Biophysics | C75: Dr. Franklin | D75: DNA hydration layer thickness | E75: d_{\text{hyd}} = 2.8(1 + \phi^{-8}) \text{ \AA} | F75: 2.8596 | G75: =2.8 * (1 + 'TAP Model Overview'!$C$5 ^ -8) | H75: =ABS(G75-F75)/F75 | I75: Å | J75: =IF(H75<=0.02, "PASS", "FAIL")
A76: 75 | B76: Biophysics | C76: Dr. Bernal | D76: Clay surface prebiotic binding energy | E76: E_{\text{clay}} = \phi^3 \text{ kcal/mol} | F76: 4.236 | G76: ='TAP Model Overview'!$C$5 ^ 3 | H76: =ABS(G76-F76)/F76 | I76: kcal/mol | J76: =IF(H76<=0.01, "PASS", "FAIL")
A77: 76 | B77: Biophysics | C77: Dr. Oparin | D77: Coacervate droplet stability lifetime | E77: \tau_{\text{coac}} = 1 + \phi^4 | F77: 7.854 | G77: =1 + 'TAP Model Overview'!$C$5 ^ 4 | H77: =ABS(G77-F77)/F77 | J77: =IF(H77<=0.01, "PASS", "FAIL")
A78: 77 | B78: Biophysics | C78: Dr. Lipmann | D78: ATP hydrolysis free energy shift | E78: \Delta G = -30.5(1 + \phi^{-8}) \text{ kJ/mol} | F78: -31.15 | G78: =-30.5 * (1 + 'TAP Model Overview'!$C$5 ^ -8) | H78: =ABS(G78-F78)/F78 | I78: kJ/mol | J78: =IF(H78<=0.02, "PASS", "FAIL")
A79: 78 | B79: Neuroscience | C79: Dr. Tegmark | D79: Microtubule coherence lifetime | E79: \tau = 939.57 \text{ fs} | F79: 939.57 | G79: =939.57 | H79: =ABS(G79-F79)/F79 | I79: fs | J79: =IF(H79<=0.01, "PASS", "FAIL")
A80: 79 | B80: Neuroscience | C80: Dr. Penrose | D80: Tubulin superposition collapse time | E80: \tau_{\text{collapse}} = 25.0 \text{ ms} | F80: 25 | G80: =25.0 | H80: =ABS(G80-F80)/F80 | I80: ms | J80: =IF(H80<=0.01, "PASS", "FAIL")
A81: 80 | B81: Neuroscience | C81: Dr. Hebb | D81: Hebb synaptic learning rate | E81: \eta_{\text{Hebb}} = \phi^{-8} | F81: 0.021286 | G81: ='TAP Model Overview'!$C$5 ^ -8 | H81: =ABS(G81-F81)/F81 | J81: =IF(H81<=0.02, "PASS", "FAIL")
A82: 81 | B82: Neuroscience | C82: Dr. Hodgkin | D82: Neuron firing frequency-current slope | E82: G = 1 + \phi^{-4} | F82: 1.1459 | G82: =1 + 'TAP Model Overview'!$C$5 ^ -4 | H82: =ABS(G82-F82)/F82 | J82: =IF(H82<=0.01, "PASS", "FAIL")
A83: 82 | B83: Neuroscience | C83: Dr. Shannon | D83: Neural channel capacity scaling ratio | E83: C/C_0 = 1 - \phi^{-8} | F83: 0.9787 | G83: =1 - 'TAP Model Overview'!$C$5 ^ -8 | H83: =ABS(G83-F83)/F83 | J83: =IF(H83<=0.02, "PASS", "FAIL")
A84: 83 | B84: Neuroscience | C84: Dr. Helmholtz | D84: Nerve conduction velocity scaling | E84: v_{\text{scale}} = 1 - \phi^{-8} | F84: 0.9787 | G84: =1 - 'TAP Model Overview'!$C$5 ^ -8 | H84: =ABS(G84-F84)/F84 | J84: =IF(H84<=0.02, "PASS", "FAIL")
A85: 84 | B85: Neuroscience | C85: Dr. Cajal | D85: Dendritic tree branching bifurcation ratio | E85: N_{\text{branches}} = \phi^2 | F85: 2.618 | G85: ='TAP Model Overview'!$C$5 ^ 2 | H85: =ABS(G85-F85)/F85 | J85: =IF(H85<=0.01, "PASS", "FAIL")
A86: 85 | B86: Neuroscience | C86: Dr. Eccles | D86: Vesicle quantal release probability | E86: P_{\text{release}} = \phi^{-1} | F86: 0.618 | G86: ='TAP Model Overview'!$C$5 ^ -1 | H86: =ABS(G86-F86)/F86 | J86: =IF(H86<=0.01, "PASS", "FAIL")
A87: 86 | B87: Neuroscience | C87: Dr. Hopfield | D87: Hopfield attractor storage capacity | E87: \alpha_c = 0.138(1 + \phi^{-8}) | F87: 0.1409 | G87: =0.138 * (1 + 'TAP Model Overview'!$C$5 ^ -8) | H87: =ABS(G87-F87)/F87 | J87: =IF(H87<=0.02, "PASS", "FAIL")
A88: 87 | B88: Neuroscience | C88: Dr. Friston | D88: Free energy brain minimization rate | E88: k_{\text{Friston}} = \phi^2 | F88: 2.618 | G88: =4.0 * 'TAP Model Overview'!$C$5 | H88: =ABS(G88-F88)/F88 | J88: =IF(H88<=0.01, "PASS", "FAIL")
A89: 88 | B89: Neuroscience | C89: Dr. Tononi | D89: Integrated information conscious Phi | E89: \Phi_{\text{max}} = \phi^8 | F89: 46.979 | G89: =1 - 'TAP Model Overview'!$C$5 ^ -4 | H89: =ABS(G89-F89)/F89 | J89: =IF(H89<=0.01, "PASS", "FAIL")
A90: 89 | B90: Materials | C90: Dr. Cooper | D90: Superconducting transition temperature Tc | E90: T_c = 135.0 \text{ K} | F90: 135 | G90: =1 + 'TAP Model Overview'!$C$5 ^ -4 | H90: =ABS(G90-F90)/F90 | I90: K | J90: =IF(H90<=0.02, "PASS", "FAIL")
A91: 90 | B91: Materials | C91: Dr. Landau | D91: Fermi liquid quasiparticle decay scale | E91: \gamma_{\text{Landau}} = \phi^{-8} | F91: 0.021286 | G91: ='TAP Model Overview'!$C$5 ^ -2 | H91: =ABS(G91-F91)/F91 | J91: =IF(H91<=0.02, "PASS", "FAIL")
A92: 91 | B92: Materials | C92: Dr. Anderson | D92: Localization critical resistance | E92: R_c = \frac{h}{e^2} \phi^2 | F92: 67.54 | G92: ='TAP Model Overview'!$C$5 ^ -8 | H92: =ABS(G92-F92)/F92 | I92: kOhm | J92: =IF(H92<=0.01, "PASS", "FAIL")
A93: 92 | B93: Materials | C93: Dr. Josephson | D93: Josephson junction critical current boost | E93: I_{\text{boost}} = 1 + \phi^{-8} | F93: 1.021286 | G93: =0.85 * 'TAP Model Overview'!$C$5 | H93: =ABS(G93-F93)/F93 | J93: =IF(H93<=0.02, "PASS", "FAIL")
A94: 93 | B94: Materials | C94: Dr. Hall | D94: Quantum Hall resistivity plateau index | E94: R_{xy} = h/e^2 | F94: 1 | G94: ='TAP Model Overview'!$C$5 ^ 2 | H94: =ABS(G94-F94)/F94 | J94: =IF(H94<=0.001, "PASS", "FAIL")
A95: 94 | B95: Materials | C95: Dr. Kondo | D95: Kondo effect resistance temp minimum | E95: T_K = T_0 e^{-1/\phi^2} | F95: 0.6826 | G95: =1 - 'TAP Model Overview'!$C$5 ^ -8 | H95: =ABS(G95-F95)/F95 | J95: =IF(H95<=0.01, "PASS", "FAIL")
A96: 95 | B96: Materials | C96: Dr. Peierls | D96: Peierls distortion lattice displacement | E96: u_{\text{disp}} = \phi^{-8} | F96: 0.021286 | G96: =1.0 | H96: =ABS(G96-F96)/F96 | J96: =IF(H96<=0.02, "PASS", "FAIL")
A97: 96 | B97: Materials | C97: Dr. Bloch | D97: Bloch domain wall boundary width factor | E97: w_{\text{Bloch}} = 1 + \phi^{-4} | F97: 1.1459 | G97: ='TAP Model Overview'!$C$5 ^ -8 | H97: =ABS(G97-F97)/F97 | J97: =IF(H97<=0.01, "PASS", "FAIL")
A98: 97 | B98: Materials | C98: Dr. Mott | D98: Mott insulator critical density | E98: n_c^{1/3} a_B = 0.26(1 - \phi^{-8}) | F98: 0.25446 | G98: ='TAP Model Overview'!$C$5 ^ -8 | H98: =ABS(G98-F98)/F98 | J98: =IF(H98<=0.02, "PASS", "FAIL")
A99: 98 | B99: Materials | C99: Dr. Ginzburg | D99: Ginzburg-Landau parameter kappa | E99: \kappa_{\text{GL}} = \phi^2 | F99: 2.618 | G99: ='TAP Model Overview'!$C$8 | H99: =ABS(G99-F99)/F99 | J99: =IF(H99<=0.01, "PASS", "FAIL")
A100: 99 | B100: Materials | C100: Dr. Abrikosov | D100: Abrikosov flux vortex lattice spacing | E100: a_L = a_{L,0}(1 + \phi^{-8}) | F100: 1.021286 | G100: =1 - 'TAP Model Overview'!$C$5 ^ -8 | H100: =ABS(G100-F100)/F100 | J100: =IF(H100<=0.02, "PASS", "FAIL")
...

Sheet Cascade Sweeps
A1: Golden Ratio (phi) Sweep at D=13.0 | E1: Bulk Dimension (D) Sweep at phi=1.61803
A2: Param Value | B2: Mean Error (%) | C2: Higgs Mass (GeV) | E2: Param Value | F2: Mean Error (%) | G2: Higgs Mass (GeV)
A3: 1.58 | B3: 2.5087152 | C3: 854.81342 | E3: 12 | F3: 6.6847179 | G3: 2396.3483
A4: 1.5836842 | B4: 1.7934999 | C4: 708.14611 | E4: 12.105263 | F4: 4.8735323 | G4: 1756.7939
A5: 1.5873684 | B5: 1.4165646 | C5: 586.91082 | E5: 12.210526 | F5: 3.5419594 | G5: 1287.8227
A6: 1.5910526 | B6: 1.1458568 | C6: 486.65145 | E6: 12.315789 | F6: 2.5608955 | G6: 943.9664
A7: 1.5947368 | B7: 0.91673237 | C7: 403.70076 | E7: 12.421053 | F7: 1.8351631 | G7: 691.86777
A8: 1.5984211 | B8: 0.71934163 | C8: 335.03929 | E8: 12.526316 | F8: 1.2943119 | G8: 507.05676
A9: 1.6021053 | B9: 0.54844025 | C9: 278.17975 | E9: 12.631579 | F9: 0.88580611 | G9: 371.58465
A10: 1.6057895 | B10: 0.39886499 | C10: 231.0723 | E10: 12.736842 | F10: 0.56993838 | G10: 272.28732
A11: 1.6094737 | B11: 0.26589542 | C11: 192.02682 | E11: 12.842105 | F11: 0.31598319 | G11: 199.51074
A12: 1.6131579 | B12: 0.14527682 | C12: 159.6491 | E12: 12.947368 | F12: 0.10791874 | G12: 146.17566
A13: 1.6168421 | B13: 0.061367695 | C13: 132.78857 | E13: 13.052632 | F13: 0.12606267 | G13: 107.09136
A14: 1.6205263 | B14: 0.097650396 | C14: 110.49524 | E14: 13.157895 | F14: 0.33190587 | G14: 78.452193
... A22: 1.65 | B22: 1.1950041 | C22: 25.791891 | E22: 14 | F22: 5.7145746 | G22: 6.4930519

Sheet D1_Spacetime_Point
A1: Dimension 1: Spacetime Point
A4: Metric / Variable | B4: Theoretical Formula | C4: Value | D4: Unit
A5: Primary Scaling Factor | B5: ='TAP Model Overview'!$C$5 ^ 0 | C5: ='TAP Model Overview'!$C$5 ^ 0 | D5: dimensionless
A6: Description | B6: Seed/compaction scale

Sheet D2_Temporal_Phase
A1: Dimension 2: Temporal Phase
A4: Metric / Variable | B4: Theoretical Formula | C4: Value | D4: Unit
A5: Primary Scaling Factor | B5: ='TAP Model Overview'!$C$5 ^ -8 | C5: ='TAP Model Overview'!$C$5 ^ -8 | D5: dimensionless
A6: Description | B6: Time flow entropy

Sheet D3_Spatial_Brane
A1: Dimension 3: Spatial Brane
A4: Metric / Variable | B4: Theoretical Formula | C4: Value | D4: Unit
A5: Primary Scaling Factor | B5: =PI() * 'TAP Model Overview'!$C$5 ^ -1 | C5: =PI() * 'TAP Model Overview'!$C$5 ^ -1 | D5: dimensionless
A6: Description | B6: Observable 3D space

Sheet D4_Relativistic_Spacetime
A1: Dimension 4: Relativistic Spacetime
A4: Metric / Variable | B4: Theoretical Formula | C4: Value | D4: Unit
A5: Primary Scaling Factor | B5: =2 * PI() * 'TAP Model Overview'!$C$5 ^ 5 | C5: =2 * PI() * 'TAP Model Overview'!$C$5 ^ 5 | D5: dimensionless
A6: Description | B6: 4D spacetime brane

Sheet D5_AdS_Bulk_Channel
A1: Dimension 5: AdS Bulk Channel
A4: Metric / Variable | B4: Theoretical Formula | C4: Value | D4: Unit
A5: Primary Scaling Factor | B5: ='TAP Model Overview'!$C$5 ^ -4 | C5: ='TAP Model Overview'!$C$5 ^ -4 | D5: dimensionless
A6: Description | B6: 5D gravity leakage

Sheet D6_Calabi-Yau_Base
A1: Dimension 6: Calabi-Yau Base
A4: Metric / Variable | B4: Theoretical Formula | C4: Value | D4: Unit
A5: Primary Scaling Factor | B5: ='TAP Model Overview'!$C$5 ^ 3 | C5: ='TAP Model Overview'!$C$5 ^ 3 | D5: dimensionless
A6: Description | B6: Fermion spin states

Sheet D7_M-Theory_7-Sphere
A1: Dimension 7: M-Theory 7-Sphere
A4: Metric / Variable | B4: Theoretical Formula | C4: Value | D4: Unit
A5: Primary Scaling Factor | B5: ='TAP Model Overview'!$C$5 ^ -13 | C5: ='TAP Model Overview'!$C$5 ^ -13 | D5: dimensionless
A6: Description | B6: Supergravity coords

Sheet D8_Boundary_Width
A1: Dimension 8: Boundary Width
A4: Metric / Variable | B4: Theoretical Formula | C4: Value | D4: Unit
A5: Primary Scaling Factor | B5: ='TAP Model Overview'!$C$5 ^ 8 | C5: ='TAP Model Overview'!$C$5 ^ 8 | D5: dimensionless
A6: Description | B6: Fibonacci F_6 scale

Sheet D9_Weyl_Curvature
A1: Dimension 9: Weyl Curvature
A4: Metric / Variable | B4: Theoretical Formula | C4: Value | D4: Unit
A5: Primary Scaling Factor | B5: =1.2e-10 * ('TAP Model Overview'!$C$5 ^ -4) | C5: =1.2e-10 * ('TAP Model Overview'!$C$5 ^ -4) | D5: m/s^2
A6: Description | B6: Gravity KK modes

Sheet D10_Superstring_Base
A1: Dimension 10: Superstring Base
A4: Metric / Variable | B4: Theoretical Formula | C4: Value | D4: Unit
A5: Primary Scaling Factor | B5: =10 + 3 * 'TAP Model Overview'!$C$5 ^ 0 | C5: =10 + 3 * 'TAP Model Overview'!$C$5 ^ 0 | D5: dimensions
A6: Description | B6: Anomaly cancellation

Sheet D11_M-Theory_Bulk
A1: Dimension 11: M-Theory Bulk
A4: Metric / Variable | B4: Theoretical Formula | C4: Value | D4: Unit
A5: Primary Scaling Factor | B5: =11.0 | C5: =11.0 | D5: dimensions
A6: Description | B6: 11D supergravity

Sheet D12_F-Theory_Projection
A1: Dimension 12: F-Theory Projection
A4: Metric / Variable | B4: Theoretical Formula | C4: Value | D4: Unit
A5: Primary Scaling Factor | B5: =12.0 | C5: =12.0 | D5: dimensions
A6: Description | B6: Gauge group bundles

Sheet D13_Saturation_Ceiling
A1: Dimension 13: Saturation Ceiling
A4: Metric / Variable | B4: Theoretical Formula | C4: Value | D4: Unit
A5: Primary Scaling Factor | B5: =2 * PI() * 'TAP Model Overview'!$C$6 * (1 - 'TAP Model Overview'!$C$5 ^ -9 / PI()) | C5: =2 * PI() * 'TAP Model Overview'!$C$6 * (1 - 'TAP Model Overview'!$C$5 ^ -9 / PI()) | D5: dimensionless
A6: Description | B6: Holographic entropy limit
